Subject,Epoch,Train loss,Val Loss
AB11,1,0.1020355434836568,0.14133317066473916
AB11,2,0.07494802823340571,0.14424736592495305
